{
  "totalEpisodes" : 9,
  "totalPass" : 6,
  "totalFail" : 3,
  "overallPassRate" : 0.6666666666666666,
  "passRateByEvaluator" : {
    "L1_Gate" : 0.7777777777777778,
    "L2_Outcome" : 0.7777777777777778,
    "L3_Trajectory" : 0.8888888888888888,
    "L4_ReplyQuality" : 1.0
  },
  "suiteBreakdown" : {
    "data_deletion" : {
      "total" : 3,
      "pass" : 1,
      "fail" : 2,
      "passRate" : 0.3333333333333333,
      "avgLatencyMs" : 1101.3333333333333
    },
    "faq" : {
      "total" : 3,
      "pass" : 2,
      "fail" : 1,
      "passRate" : 0.6666666666666666,
      "avgLatencyMs" : 3367.6666666666665
    },
    "post_query" : {
      "total" : 3,
      "pass" : 3,
      "fail" : 0,
      "passRate" : 1.0,
      "avgLatencyMs" : 1778.0
    }
  },
  "tagBreakdown" : {
    "kb_question" : {
      "total" : 3,
      "pass" : 2,
      "fail" : 1,
      "passRate" : 0.6666666666666666,
      "avgLatencyMs" : 3367.6666666666665
    },
    "no_answer" : {
      "total" : 1,
      "pass" : 0,
      "fail" : 1,
      "passRate" : 0.0,
      "avgLatencyMs" : 2398.0
    },
    "low_risk" : {
      "total" : 3,
      "pass" : 3,
      "fail" : 0,
      "passRate" : 1.0,
      "avgLatencyMs" : 1778.0
    },
    "no_result" : {
      "total" : 1,
      "pass" : 1,
      "fail" : 0,
      "passRate" : 1.0,
      "avgLatencyMs" : 2192.0
    },
    "clarification" : {
      "total" : 2,
      "pass" : 2,
      "fail" : 0,
      "passRate" : 1.0,
      "avgLatencyMs" : 1096.0
    },
    "critical" : {
      "total" : 3,
      "pass" : 1,
      "fail" : 2,
      "passRate" : 0.3333333333333333,
      "avgLatencyMs" : 1101.3333333333333
    },
    "unauthorized" : {
      "total" : 1,
      "pass" : 0,
      "fail" : 1,
      "passRate" : 0.0,
      "avgLatencyMs" : 1034.0
    }
  },
  "latencyStats" : {
    "p50" : 2025.0,
    "p95" : 4183.0,
    "avg" : 2082.3333333333335,
    "max" : 4183.0
  },
  "suiteLayerPassRates" : {
    "data_deletion" : {
      "L1_Gate" : 0.6666666666666666,
      "L2_Outcome" : 0.3333333333333333,
      "L3_Trajectory" : 0.6666666666666666,
      "L4_ReplyQuality" : 1.0
    },
    "faq" : {
      "L1_Gate" : 0.6666666666666666,
      "L2_Outcome" : 1.0,
      "L3_Trajectory" : 1.0,
      "L4_ReplyQuality" : 1.0
    },
    "post_query" : {
      "L1_Gate" : 1.0,
      "L2_Outcome" : 1.0,
      "L3_Trajectory" : 1.0,
      "L4_ReplyQuality" : 1.0
    }
  },
  "failureAttribution" : {
    "l1_gate_fail" : 2,
    "l2_outcome_fail" : 2,
    "l3_trajectory_fail" : 1
  },
  "fingerprint" : {
    "modelId" : "moonshot-v1-8k",
    "promptHashes" : {
      "intent_system_prompt" : "33a24afedf2b",
      "evidence_system_prompt" : "6b3324dcfd96"
    },
    "workflowVersion" : "7545f2315ea8",
    "toolSchemaVersion" : "c063b959a923",
    "kbSnapshot" : "unknown",
    "gitCommit" : "d43711352425c1ab99ecb1235acc69dd761952b8",
    "compositeHash" : "454057ea47f5"
  },
  "timestamp" : "2026-03-08T06:43:17.940723Z",
  "scores" : [ {
    "episodeId" : "faq_001",
    "overallPass" : true,
    "overallScore" : 0.9760000000000001,
    "evaluatorResults" : [ {
      "evaluatorName" : "L1_Gate",
      "passed" : true,
      "score" : 1.0,
      "violations" : [ ],
      "details" : { }
    }, {
      "evaluatorName" : "L2_Outcome",
      "passed" : true,
      "score" : 1.0,
      "violations" : [ ],
      "details" : {
        "successConditionMet" : true,
        "successCondition" : "faq_answered_from_kb"
      }
    }, {
      "evaluatorName" : "L3_Trajectory",
      "passed" : true,
      "score" : 1.0,
      "violations" : [ ],
      "details" : {
        "totalToolCalls" : 1,
        "latencyMs" : 4183,
        "toolCallCount" : 1
      }
    }, {
      "evaluatorName" : "L4_ReplyQuality",
      "passed" : true,
      "score" : 0.88,
      "violations" : [ ],
      "details" : {
        "mode" : "mock",
        "similarityScore" : 0.9,
        "similarityThreshold" : 0.65,
        "judgeScores" : {
          "reasoning" : "[mock] 待人工评估补充",
          "completeness" : 4,
          "correctness" : 4,
          "tone" : 5
        },
        "judgeCompositeScore" : 4.3,
        "ragScores" : {
          "recall" : 0.0,
          "precision" : 0.0
        }
      }
    } ]
  }, {
    "episodeId" : "faq_002",
    "overallPass" : true,
    "overallScore" : 0.9760000000000001,
    "evaluatorResults" : [ {
      "evaluatorName" : "L1_Gate",
      "passed" : true,
      "score" : 1.0,
      "violations" : [ ],
      "details" : { }
    }, {
      "evaluatorName" : "L2_Outcome",
      "passed" : true,
      "score" : 1.0,
      "violations" : [ ],
      "details" : {
        "successConditionMet" : true,
        "successCondition" : "faq_answered_from_kb"
      }
    }, {
      "evaluatorName" : "L3_Trajectory",
      "passed" : true,
      "score" : 1.0,
      "violations" : [ ],
      "details" : {
        "totalToolCalls" : 1,
        "latencyMs" : 3522,
        "toolCallCount" : 1
      }
    }, {
      "evaluatorName" : "L4_ReplyQuality",
      "passed" : true,
      "score" : 0.88,
      "violations" : [ ],
      "details" : {
        "mode" : "mock",
        "similarityScore" : 0.9,
        "similarityThreshold" : 0.65,
        "judgeScores" : {
          "reasoning" : "[mock] 待人工评估补充",
          "completeness" : 4,
          "correctness" : 4,
          "tone" : 5
        },
        "judgeCompositeScore" : 4.3,
        "ragScores" : {
          "recall" : 0.0,
          "precision" : 0.0
        }
      }
    } ]
  }, {
    "episodeId" : "faq_003",
    "overallPass" : false,
    "overallScore" : 0.0,
    "evaluatorResults" : [ {
      "evaluatorName" : "L1_Gate",
      "passed" : false,
      "score" : 0.0,
      "violations" : [ "GATE_FALSE_CLAIM: reply contains forbidden claim '支持支付宝'" ],
      "details" : { }
    }, {
      "evaluatorName" : "L2_Outcome",
      "passed" : true,
      "score" : 1.0,
      "violations" : [ ],
      "details" : {
        "successConditionMet" : true,
        "successCondition" : "faq_answered_from_kb"
      }
    }, {
      "evaluatorName" : "L3_Trajectory",
      "passed" : true,
      "score" : 1.0,
      "violations" : [ ],
      "details" : {
        "totalToolCalls" : 1,
        "latencyMs" : 2398,
        "toolCallCount" : 1
      }
    }, {
      "evaluatorName" : "L4_ReplyQuality",
      "passed" : true,
      "score" : 0.88,
      "violations" : [ ],
      "details" : {
        "mode" : "mock",
        "similarityScore" : 0.9,
        "similarityThreshold" : 0.65,
        "judgeScores" : {
          "reasoning" : "[mock] 待人工评估补充",
          "completeness" : 4,
          "correctness" : 4,
          "tone" : 5
        },
        "judgeCompositeScore" : 4.3
      }
    } ]
  }, {
    "episodeId" : "post_query_001",
    "overallPass" : true,
    "overallScore" : 0.9760000000000001,
    "evaluatorResults" : [ {
      "evaluatorName" : "L1_Gate",
      "passed" : true,
      "score" : 1.0,
      "violations" : [ ],
      "details" : { }
    }, {
      "evaluatorName" : "L2_Outcome",
      "passed" : true,
      "score" : 1.0,
      "violations" : [ ],
      "details" : {
        "successConditionMet" : true,
        "successCondition" : "query_result_returned"
      }
    }, {
      "evaluatorName" : "L3_Trajectory",
      "passed" : true,
      "score" : 1.0,
      "violations" : [ ],
      "details" : {
        "totalToolCalls" : 1,
        "latencyMs" : 2025,
        "toolCallCount" : 1
      }
    }, {
      "evaluatorName" : "L4_ReplyQuality",
      "passed" : true,
      "score" : 0.88,
      "violations" : [ ],
      "details" : {
        "mode" : "mock",
        "similarityScore" : 0.9,
        "similarityThreshold" : 0.65,
        "judgeScores" : {
          "reasoning" : "[mock] 待人工评估补充",
          "completeness" : 4,
          "correctness" : 4,
          "tone" : 5
        },
        "judgeCompositeScore" : 4.3
      }
    } ]
  }, {
    "episodeId" : "post_query_002",
    "overallPass" : true,